<?xml version="1.0" encoding="UTF-8" standalone="yes"?>
<ns2:resourceBundleInfo xmlns:ns2="com.rsa.smc.sa.live.bean.deployment">
    <resourceBundleDesc>NetWitness Live Resource Bundle</resourceBundleDesc>
    <resourceInfoList>
		<resourceInfo>
            <dependentNames></dependentNames>
            <displayName>fine_parse_logs Options</displayName>
            <fileName>fine_parse_logs_options.zip</fileName>
            <filePath>LUAPARSER/1.1/fine_parse_logs_options.zip</filePath>
            <productionVersion>1.1</productionVersion>
            <resourceType>LUAPARSER</resourceType>
            <typeTitle>Lua Parser</typeTitle>
            <uuid>urn:uuid3</uuid>
        </resourceInfo>
    </resourceInfoList>
</ns2:resourceBundleInfo>

